{"cameraMode":{"drawMode":0,"name":"Shaded","section":"Shading Mode"},"sceneLighting":false,"audioPlay":false,"sceneViewState":{"m_AlwaysRefresh":false,"showFog":true,"showSkybox":false,"showFlares":true,"showImageEffects":true,"showParticleSystems":true,"showVisualEffectGraphs":true,"m_FxEnabled":true},"in2DMode":false,"pivot":{"x":-7.061502456665039,"y":23.601259231567384,"z":-0.30477839708328249},"rotation":{"x":-0.1741529107093811,"y":0.07053276896476746,"z":-0.012507963925600052,"w":-0.9821149110794067},"size":1.5990383625030518,"orthographic":false}