{"cameraMode":{"drawMode":0,"name":"Shaded","section":"Shading Mode"},"sceneLighting":true,"audioPlay":false,"sceneViewState":{"m_AlwaysRefresh":false,"showFog":true,"showSkybox":true,"showFlares":true,"showImageEffects":true,"showParticleSystems":true,"showVisualEffectGraphs":true,"m_FxEnabled":true},"in2DMode":false,"pivot":{"x":-1.2054171562194825,"y":-5.350801467895508,"z":-3.4185428619384767},"rotation":{"x":-0.12775546312332154,"y":-0.15024852752685548,"z":0.019581232219934465,"w":-0.9801756143569946},"size":17.189191818237306,"orthographic":false}