{"cameraMode":{"drawMode":0,"name":"Shaded","section":"Shading Mode"},"sceneLighting":true,"audioPlay":false,"sceneViewState":{"m_AlwaysRefresh":false,"showFog":true,"showSkybox":true,"showFlares":true,"showImageEffects":true,"showParticleSystems":true,"showVisualEffectGraphs":true,"m_FxEnabled":true},"in2DMode":false,"pivot":{"x":-9.26958179473877,"y":-12.601247787475586,"z":167.21755981445313},"rotation":{"x":-0.03749122470617294,"y":0.0011934761423617602,"z":-0.00004462831930140965,"w":-0.999298095703125},"size":125.85990142822266,"orthographic":false}